first_word,completed,failed,total,success_rate
Drop,9.0,0.0,9.0,1.0
Look,49.0,0.0,49.0,1.0
Take,16.0,0.0,16.0,1.0
Lift,1.0,0.0,1.0,1.0
Move,7.0,0.0,7.0,1.0
Go,495.0,3.0,498.0,0.9939759036144579
Read,23.0,2.0,25.0,0.92
Climb,9.0,2.0,11.0,0.8181818181818182
Examine,16.0,9.0,25.0,0.64
Open,8.0,7.0,15.0,0.5333333333333333
